<?xml version="1.0" encoding="UTF-8"?>
<ti:module xmlns:ti="http://ti.appcelerator.org" xmlns:android="http://schemas.android.com/apk/res/android">
	<!--
		Similar to tiapp.xml, but contains module/platform specific
		configuration in <iphone>, <android>, and <mobileweb> sections
	-->
	<iphone>
	</iphone>
	<android xmlns:android="http://schemas.android.com/apk/res/android">
	    <manifest>
	        <uses-sdk android:minSdkVersion="10" />
	        <uses-permission android:name="android.permission.CAMERA" />
	        <uses-permission android:name="android.permission.WRITE_EXTERNAL_STORAGE" />
            <uses-permission android:name="com.sonyericsson.permission.CAMERA_EXTENDED" />
	        <uses-feature android:name="android.hardware.camera" android:required="false" />
 			<uses-feature android:name="android.hardware.camera.autofocus" android:required="false" />
 			<supports-screens 
                  android:normalScreens="true"
                  android:anyDensity="false"/>
	        <application>
	            <activity
	                android:name="com.omadi.newcamera.OmadiCameraActivity"
	                android:screenOrientation="landscape"
	                android:theme="@style/Theme.MyFullScreen" >
	                <action android:name="com.omadi.newcamera.OmadiCameraActivity" />
	            </activity>
	        </application>
	    </manifest>
	</android>
	<mobileweb>
	</mobileweb>
</ti:module>
